Country Name,Country Code,percentage of female employment in agriculture 2019
Aruba,ABW,
Africa Eastern and Southern,AFE,61.87563057
Afghanistan,AFG,64.95999908
Africa Western and Central,AFW,35.5360883
Angola,AGO,56.77999878
Albania,ALB,41.63000107
Andorra,AND,
Arab World,ARB,23.52067019
United Arab Emirates,ARE,0.01
Argentina,ARG,0.029999999
Armenia,ARM,26.88999939
American Samoa,ASM,
Antigua and Barbuda,ATG,
Australia,AUS,1.710000038
Austria,AUT,3.180000067
Azerbaijan,AZE,41.79999924
Burundi,BDI,93.66000366
Belgium,BEL,0.629999995
Benin,BEN,29.76000023
Burkina Faso,BFA,21.40999985
Bangladesh,BGD,57.56999969
Bulgaria,BGR,4.300000191
Bahrain,BHR,0.039999999
"Bahamas, The",BHS,0.340000004
Bosnia and Herzegovina,BIH,20.46999931
Belarus,BLR,7.510000229
Belize,BLZ,4.690000057
Bermuda,BMU,
Bolivia,BOL,30.30999947
Brazil,BRA,4.019999981
Barbados,BRB,1.580000043
Brunei Darussalam,BRN,0.720000029
Bhutan,BTN,64.01000214
Botswana,BWA,15.27999973
Central African Republic,CAF,72.61000061
Canada,CAN,1
Central Europe and the Baltics,CEB,7.955584085
Switzerland,CHE,1.980000019
Channel Islands,CHI,1.610000014
Chile,CHL,4.739999771
China,CHN,22.01000023
Cote d'Ivoire,CIV,31.04000092
Cameroon,CMR,47.70000076
"Congo, Dem. Rep.",COD,71.51000214
"Congo, Rep.",COG,32.04000092
Colombia,COL,6.599999905
Comoros,COM,31.56999969
Cabo Verde,CPV,5.46999979
Costa Rica,CRI,4.050000191
Caribbean small states,CSS,5.313293792
Cuba,CUB,7.269999981
Curacao,CUW,
Cayman Islands,CYM,
Cyprus,CYP,1.279999971
Czech Republic,CZE,1.74000001
Germany,DEU,0.829999983
Djibouti,DJI,22.13999939
Dominica,DMA,
Denmark,DNK,1.110000014
Dominican Republic,DOM,1.389999986
Algeria,DZA,3.380000114
East Asia & Pacific (excluding high income),EAP,24.36448764
Early-demographic dividend,EAR,37.38431876
East Asia & Pacific,EAS,22.06199784
Europe & Central Asia (excluding high income),ECA,13.29788845
Europe & Central Asia,ECS,6.861719945
Ecuador,ECU,27.13999939
"Egypt, Arab Rep.",EGY,21.20999908
Euro area,EMU,1.858718174
Eritrea,ERI,68.34999847
Spain,ESP,2.039999962
Estonia,EST,1.50999999
Ethiopia,ETH,58.70999908
European Union,EUU,3.198444302
Fragile and conflict affected situations,FCS,49.37473426
Finland,FIN,2.069999933
Fiji,FJI,8.210000038
France,FRA,1.49000001
Faroe Islands,FRO,
"Micronesia, Fed. Sts.",FSM,
Gabon,GAB,45.75999832
United Kingdom,GBR,0.579999983
Georgia,GEO,40.09000015
Ghana,GHA,22.10000038
Gibraltar,GIB,
Guinea,GIN,61.79999924
"Gambia, The",GMB,33.06999969
Guinea-Bissau,GNB,64.13999939
Equatorial Guinea,GNQ,42.5
Greece,GRC,10.60000038
Grenada,GRD,
Greenland,GRL,
Guatemala,GTM,9.779999733
Guam,GUM,0.090000004
Guyana,GUY,7.880000114
High income,HIC,1.883576258
"Hong Kong SAR, China",HKG,0.109999999
Honduras,HND,8.270000458
Heavily indebted poor countries (HIPC),HPC,57.8549169
Croatia,HRV,4.429999828
Haiti,HTI,13.10000038
Hungary,HUN,2.839999914
IBRD only,IBD,23.56001056
IDA & IBRD total,IBT,30.89499992
IDA total,IDA,53.81130741
IDA blend,IDB,43.26096324
Indonesia,IDN,26.36000061
IDA only,IDX,57.78577341
Isle of Man,IMN,
India,IND,54.68999863
Not classified,INX,
Ireland,IRL,1.210000038
"Iran, Islamic Rep.",IRN,18.79000092
Iraq,IRQ,15.05000019
Iceland,ISL,1.399999976
Israel,ISR,0.460000008
Italy,ITA,2.380000114
Jamaica,JAM,8.220000267
Jordan,JOR,0.75
Japan,JPN,2.950000048
Kazakhstan,KAZ,13.25
Kenya,KEN,59.34000015
Kyrgyz Republic,KGZ,18.80999947
Cambodia,KHM,36.56999969
Kiribati,KIR,
St. Kitts and Nevis,KNA,
"Korea, Rep.",KOR,4.829999924
Kuwait,KWT,0.029999999
Latin America & Caribbean (excluding high income),LAC,7.431484356
Lao PDR,LAO,63.54000092
Lebanon,LBN,9.489999771
Liberia,LBR,40.33000183
Libya,LBY,15.89000034
St. Lucia,LCA,2.890000105
Latin America & Caribbean,LCN,7.05149041
Least developed countries: UN classification,LDC,60.6705713
Low income,LIC,63.62781737
Liechtenstein,LIE,
Sri Lanka,LKA,27.62999916
Lower middle income,LMC,41.7410188
Low & middle income,LMY,31.41019826
Lesotho,LSO,39.83000183
Late-demographic dividend,LTE,19.8504802
Lithuania,LTU,4.150000095
Luxembourg,LUX,0.430000007
Latvia,LVA,4.349999905
"Macao SAR, China",MAC,0.109999999
St. Martin (French part),MAF,
Morocco,MAR,52.11999893
Monaco,MCO,
Moldova,MDA,16.93000031
Madagascar,MDG,59.93999863
Maldives,MDV,1.850000024
Middle East & North Africa,MEA,15.81076322
Mexico,MEX,3.609999895
Marshall Islands,MHL,
Middle income,MIC,27.66450332
North Macedonia,MKD,13.01000023
Mali,MLI,62.58000183
Malta,MLT,0.449999988
Myanmar,MMR,42.43999863
Middle East & North Africa (excluding high income),MNA,21.05183716
Montenegro,MNE,6.610000134
Mongolia,MNG,23.35000038
Northern Mariana Islands,MNP,
Mozambique,MOZ,79.77999878
Mauritania,MRT,21.94000053
Mauritius,MUS,3.930000067
Malawi,MWI,82
Malaysia,MYS,5.889999866
North America,NAC,0.786610665
Namibia,NAM,20.10000038
New Caledonia,NCL,0.850000024
Niger,NER,69.47000122
Nigeria,NGA,23.56999969
Nicaragua,NIC,8.229999542
Netherlands,NLD,1.379999995
Norway,NOR,1.039999962
Nepal,NPL,74.08000183
Nauru,NRU,
New Zealand,NZL,3.720000029
OECD members,OED,2.961803441
Oman,OMN,0.300000012
Other small states,OSS,22.44450931
Pakistan,PAK,65.18000031
Panama,PAN,8.25
Peru,PER,26.34000015
Philippines,PHL,13.60999966
Palau,PLW,
Papua New Guinea,PNG,60.13999939
Poland,POL,8.079999924
Pre-demographic dividend,PRE,54.87639646
Puerto Rico,PRI,0.310000002
"Korea, Dem. People's Rep.",PRK,47.15000153
Portugal,PRT,3.619999886
Paraguay,PRY,12.81000042
West Bank and Gaza,PSE,6.679999828
Pacific island small states,PSS,28.63120825
Post-demographic dividend,PST,2.151021338
French Polynesia,PYF,3.789999962
Qatar,QAT,0.01
Romania,ROU,21.01000023
Russian Federation,RUS,4.010000229
Rwanda,RWA,70.98000336
South Asia,SAS,56.96512788
Saudi Arabia,SAU,0.330000013
Sudan,SDN,51.83000183
Senegal,SEN,24.75
Singapore,SGP,0.01
Solomon Islands,SLB,37.61999893
Sierra Leone,SLE,51.47000122
El Salvador,SLV,3.440000057
San Marino,SMR,
Somalia,SOM,83.88999939
Serbia,SRB,13.27000046
Sub-Saharan Africa (excluding high income),SSA,52.68134438
South Sudan,SSD,73.16000366
Sub-Saharan Africa,SSF,52.68134438
Small states,SST,19.18257945
Sao Tome and Principe,STP,8.56000042
Suriname,SUR,4.519999981
Slovak Republic,SVK,1.340000033
Slovenia,SVN,3.480000019
Sweden,SWE,0.699999988
Eswatini,SWZ,10.10000038
Sint Maarten (Dutch part),SXM,
Seychelles,SYC,
Syrian Arab Republic,SYR,6.849999905
Turks and Caicos Islands,TCA,
Chad,TCD,73.38999939
East Asia & Pacific (IDA & IBRD countries),TEA,23.99384139
Europe & Central Asia (IDA & IBRD countries),TEC,12.74960256
Togo,TGO,26.87000084
Thailand,THA,28.27000046
Tajikistan,TJK,60.04999924
Turkmenistan,TKM,18.68000031
Latin America & the Caribbean (IDA & IBRD countries),TLA,7.083223268
Timor-Leste,TLS,39.16999817
Middle East & North Africa (IDA & IBRD countries),TMN,21.16985808
Tonga,TON,1.519999981
South Asia (IDA & IBRD),TSA,56.96512788
Sub-Saharan Africa (IDA & IBRD countries),TSS,52.68134438
Trinidad and Tobago,TTO,1.340000033
Tunisia,TUN,8.960000038
Turkey,TUR,25.04999924
Tuvalu,TUV,
Tanzania,TZA,66.70999908
Uganda,UGA,76.76999664
Ukraine,UKR,11.40999985
Upper middle income,UMC,17.62774509
Uruguay,URY,3.839999914
United States,USA,0.75999999
Uzbekistan,UZB,23.79000092
St. Vincent and the Grenadines,VCT,4.25
"Venezuela, RB",VEN,0.920000017
British Virgin Islands,VGB,
Virgin Islands (U.S.),VIR,0.50999999
Vietnam,VNM,38.29999924
Vanuatu,VUT,56.79000092
World,WLD,25.30730369
Samoa,WSM,6.639999866
Kosovo,XKX,
"Yemen, Rep.",YEM,42.27999878
South Africa,ZAF,3.789999962
Zambia,ZMB,54.65999985
Zimbabwe,ZWE,69.48000336